sub_region,country,drug,year,wholesale_price,retail_price
North America,United States of America,Cocaine,1990,48300.0,79.95
North America,United States of America,Cocaine,1991,48100.0,76.58
North America,United States of America,Cocaine,1992,44730.0,72.79
North America,United States of America,Cocaine,1993,42180.0,74.11
North America,United States of America,Cocaine,1994,38640.0,68.01
North America,United States of America,Cocaine,1995,35700.0,72.01
North America,United States of America,Cocaine,1996,34320.0,73.03
North America,United States of America,Cocaine,1997,31960.0,72.37
North America,United States of America,Cocaine,1998,30870.0,72.49
North America,United States of America,Cocaine,1999,29580.0,70.22
North America,United States of America,Cocaine,2000,21500.0,76.73
North America,United States of America,Cocaine,2001,23000.0,73.54
North America,United States of America,Cocaine,2002,21500.0,71.03
North America,United States of America,Cocaine,2003,22066.0,73.78
North America,United States of America,Cocaine,2004,20500.0,69.63
North America,United States of America,Cocaine,2005,20500.0,66.18
North America,United States of America,Cocaine,2006,26500.0,64.03
North America,United States of America,Cocaine,2007,31000.0,69.62
North America,United States of America,Cocaine,2008,26500.0,78.28
North America,United States of America,Cocaine,2009,28250.0,83.68
North America,United States of America,Cocaine,2010,30750.0,83.74
North America,United States of America,Cocaine,2011,40800.0,84.88
North America,United States of America,Cocaine,2012,29000.0,96.39
North America,United States of America,Cocaine,2013,28750.0,98.72
North America,United States of America,Cocaine,2014,29000.0,103.09
North America,United States of America,Cocaine,2015,28250.0,103.0
North America,United States of America,Cocaine,2016,28000.0,91.79
North America,United States of America,Cocaine,2017,28000.0,98.0
North America,United States of America,Cocaine,2018,26000.0,101.0
North America,United States of America,Cocaine,2019,29000.0,120.0
North America,United States of America,Cocaine,2020,29000.0,120.0
North America,United States of America,Heroin,1990,162500.0,359.02
North America,United States of America,Heroin,1991,155000.0,427.78
North America,United States of America,Heroin,1992,150000.0,480.52
North America,United States of America,Heroin,1993,146000.0,373.51
North America,United States of America,Heroin,1994,142500.0,399.68
North America,United States of America,Heroin,1995,146000.0,395.16
North America,United States of America,Heroin,1996,141875.0,339.28
North America,United States of America,Heroin,1997,129375.0,357.01
North America,United States of America,Heroin,1998,125000.0,322.75
North America,United States of America,Heroin,1999,107000.0,310.18
North America,United States of America,Heroin,2000,81200.0,307.06
North America,United States of America,Heroin,2001,59500.0,284.89
North America,United States of America,Heroin,2002,50750.0,282.35
North America,United States of America,Heroin,2003,68800.0,267.88
North America,United States of America,Heroin,2004,65500.0,252.84
North America,United States of America,Heroin,2005,65000.0,255.61
North America,United States of America,Heroin,2006,65000.0,258.61
North America,United States of America,Heroin,2007,71200.0,229.52
North America,United States of America,Heroin,2008,57500.0,310.33
North America,United States of America,Heroin,2009,65053.25,274.89
North America,United States of America,Heroin,2010,65750.0,279.03
North America,United States of America,Heroin,2011,55583.33,260.43
North America,United States of America,Heroin,2012,61000.0,271.3
North America,United States of America,Heroin,2013,61000.0,259.59
North America,United States of America,Heroin,2014,68333.33,264.68
North America,United States of America,Heroin,2015,59500.0,264.94
North America,United States of America,Heroin,2016,53333.33,293.64
North America,United States of America,Heroin,2017,53333.33,360.85
North America,United States of America,Heroin,2018,53000.0,393.85
North America,United States of America,Heroin,2019,53000.0,393.85
North America,United States of America,Heroin,2020,53000.0,393.85
Western and Central Europe,Austria,Cocaine,1990,66000.0,198.0
Western and Central Europe,Austria,Cocaine,1991,66000.0,180.0
Western and Central Europe,Austria,Cocaine,1992,54000.0,167.0
Western and Central Europe,Austria,Cocaine,1993,40000.0,120.0
Western and Central Europe,Austria,Cocaine,1994,41946.0,126.0
Western and Central Europe,Austria,Cocaine,1995,52084.0,156.0
Western and Central Europe,Austria,Cocaine,1996,45875.0,138.0
Western and Central Europe,Austria,Cocaine,1997,56723.0,118.0
Western and Central Europe,Austria,Cocaine,1998,54440.0,113.0
Western and Central Europe,Austria,Cocaine,1999,38859.0,93.0
Western and Central Europe,Austria,Cocaine,2000,47094.0,94.0
Western and Central Europe,Austria,Cocaine,2001,43995.0,78.0
Western and Central Europe,Austria,Cocaine,2002,42385.0,71.0
Western and Central Europe,Austria,Cocaine,2003,59300.0,90.0
Western and Central Europe,Austria,Cocaine,2004,55894.0,103.0
Western and Central Europe,Austria,Cocaine,2005,59757.0,101.0
Western and Central Europe,Austria,Cocaine,2006,50185.0,78.0
Western and Central Europe,Austria,Cocaine,2007,61661.0,99.0
Western and Central Europe,Austria,Cocaine,2008,66176.0,110.0
Western and Central Europe,Austria,Cocaine,2009,48668.0,97.0
Western and Central Europe,Austria,Cocaine,2010,52989.0,97.0
Western and Central Europe,Austria,Cocaine,2011,62823.0,103.0
Western and Central Europe,Austria,Cocaine,2012,51546.0,103.0
Western and Central Europe,Austria,Cocaine,2013,73351.0,100.0
Western and Central Europe,Austria,Cocaine,2014,65797.0,132.0
Western and Central Europe,Austria,Cocaine,2015,54705.0,109.0
Western and Central Europe,Austria,Cocaine,2016,58139.54,111.0
Western and Central Europe,Austria,Cocaine,2017,58922.56,111.0
Western and Central Europe,Austria,Cocaine,2018,58922.56,111.0
Western and Central Europe,Austria,Cocaine,2019,58922.56,111.0
Western and Central Europe,Austria,Cocaine,2020,61503.42,119.59
Western and Central Europe,Austria,Heroin,1990,55244.0,270.0
Western and Central Europe,Austria,Heroin,1991,46145.0,250.0
Western and Central Europe,Austria,Heroin,1992,63000.0,203.0
Western and Central Europe,Austria,Heroin,1993,36000.0,132.0
Western and Central Europe,Austria,Heroin,1994,37752.0,138.0
Western and Central Europe,Austria,Heroin,1995,30491.0,103.0
Western and Central Europe,Austria,Heroin,1996,30222.0,87.0
Western and Central Europe,Austria,Heroin,1997,28831.0,70.0
Western and Central Europe,Austria,Heroin,1998,34565.0,94.0
Western and Central Europe,Austria,Heroin,1999,31087.0,57.0
Western and Central Europe,Austria,Heroin,2000,25026.0,75.0
Western and Central Europe,Austria,Heroin,2001,19553.0,44.0
Western and Central Europe,Austria,Heroin,2002,23547.0,92.0
Western and Central Europe,Austria,Heroin,2003,33900.0,68.0
Western and Central Europe,Austria,Heroin,2004,37260.0,75.0
Western and Central Europe,Austria,Heroin,2005,36168.0,74.0
Western and Central Europe,Austria,Heroin,2006,37640.0,69.0
Western and Central Europe,Austria,Heroin,2007,54810.0,99.0
Western and Central Europe,Austria,Heroin,2008,58824.0,110.0
Western and Central Europe,Austria,Heroin,2009,41715.0,97.0
Western and Central Europe,Austria,Heroin,2010,39741.0,93.0
Western and Central Europe,Austria,Heroin,2011,41882.0,98.0
Western and Central Europe,Austria,Heroin,2012,30928.0,64.0
Western and Central Europe,Austria,Heroin,2013,40010.0,80.0
Western and Central Europe,Austria,Heroin,2014,32899.0,53.0
Western and Central Europe,Austria,Heroin,2015,27352.0,44.0
Western and Central Europe,Austria,Heroin,2016,27685.0,66.0
Western and Central Europe,Austria,Heroin,2017,32580.38,65.0
Western and Central Europe,Austria,Heroin,2018,37475.76,71.0
Western and Central Europe,Austria,Heroin,2019,42371.14,71.0
Western and Central Europe,Austria,Heroin,2020,47266.51,68.34
Western and Central Europe,Belgium,Cocaine,1990,25000.0,80.0
Western and Central Europe,Belgium,Cocaine,1991,24000.0,90.0
Western and Central Europe,Belgium,Cocaine,1992,38250.0,68.0
Western and Central Europe,Belgium,Cocaine,1993,28000.0,95.0
Western and Central Europe,Belgium,Cocaine,1994,26920.0,82.0
Western and Central Europe,Belgium,Cocaine,1995,30560.0,93.0
Western and Central Europe,Belgium,Cocaine,1996,21927.0,90.0
Western and Central Europe,Belgium,Cocaine,1997,17025.0,57.0
Western and Central Europe,Belgium,Cocaine,1998,19167.0,55.0
Western and Central Europe,Belgium,Cocaine,1999,23859.0,60.0
Western and Central Europe,Belgium,Cocaine,2000,22376.0,55.0
Western and Central Europe,Belgium,Cocaine,2001,26771.0,51.0
Western and Central Europe,Belgium,Cocaine,2002,28111.0,50.0
Western and Central Europe,Belgium,Cocaine,2003,29610.0,51.0
Western and Central Europe,Belgium,Cocaine,2004,32480.0,51.0
Western and Central Europe,Belgium,Cocaine,2005,32480.0,51.0
Western and Central Europe,Belgium,Cocaine,2006,32480.0,60.0
Western and Central Europe,Belgium,Cocaine,2007,47958.0,67.0
Western and Central Europe,Belgium,Cocaine,2008,53757.0,72.0
Western and Central Europe,Belgium,Cocaine,2009,46675.0,71.0
Western and Central Europe,Belgium,Cocaine,2010,46365.0,67.0
Western and Central Europe,Belgium,Cocaine,2011,46594.0,75.0
Western and Central Europe,Belgium,Cocaine,2012,48722.0,73.0
Western and Central Europe,Belgium,Cocaine,2013,44011.0,68.0
Western and Central Europe,Belgium,Cocaine,2014,41500.67,75.89
Western and Central Europe,Belgium,Cocaine,2015,31798.0,59.0
Western and Central Europe,Belgium,Cocaine,2016,29777.41,67.0
Western and Central Europe,Belgium,Cocaine,2017,32155.0,65.0
Western and Central Europe,Belgium,Cocaine,2018,31609.0,66.0
Western and Central Europe,Belgium,Cocaine,2019,32350.5,57.0
Western and Central Europe,Belgium,Cocaine,2020,33029.61,59.52
Western and Central Europe,Belgium,Heroin,1990,30000.0,90.0
Western and Central Europe,Belgium,Heroin,1991,30000.0,105.0
Western and Central Europe,Belgium,Heroin,1992,28500.0,105.0
Western and Central Europe,Belgium,Heroin,1993,26600.0,77.0
Western and Central Europe,Belgium,Heroin,1994,29586.0,75.0
Western and Central Europe,Belgium,Heroin,1995,32580.0,75.0
Western and Central Europe,Belgium,Heroin,1996,24307.0,56.0
Western and Central Europe,Belgium,Heroin,1997,21761.0,37.0
Western and Central Europe,Belgium,Heroin,1998,20847.0,41.0
Western and Central Europe,Belgium,Heroin,1999,18557.0,41.0
Western and Central Europe,Belgium,Heroin,2000,18360.0,37.0
Western and Central Europe,Belgium,Heroin,2001,20292.0,27.0
Western and Central Europe,Belgium,Heroin,2002,22229.0,29.0
Western and Central Europe,Belgium,Heroin,2003,20960.0,31.0
Western and Central Europe,Belgium,Heroin,2004,23040.0,32.0
Western and Central Europe,Belgium,Heroin,2005,23336.0,31.0
Western and Central Europe,Belgium,Heroin,2006,18820.0,32.0
Western and Central Europe,Belgium,Heroin,2007,20554.0,33.0
Western and Central Europe,Belgium,Heroin,2008,14706.0,36.0
Western and Central Europe,Belgium,Heroin,2009,15991.0,33.0
Western and Central Europe,Belgium,Heroin,2010,15102.0,32.0
Western and Central Europe,Belgium,Heroin,2011,10720.0,42.0
Western and Central Europe,Belgium,Heroin,2012,20619.0,36.0
Western and Central Europe,Belgium,Heroin,2013,18338.0,37.0
Western and Central Europe,Belgium,Heroin,2014,17519.31,33.0
Western and Central Europe,Belgium,Heroin,2015,17505.0,24.0
Western and Central Europe,Belgium,Heroin,2016,26578.07,26.0
Western and Central Europe,Belgium,Heroin,2017,22638.57,29.0
Western and Central Europe,Belgium,Heroin,2018,18699.06,23.0
Western and Central Europe,Belgium,Heroin,2019,14759.55,23.0
Western and Central Europe,Belgium,Heroin,2020,10820.05,21.07
Western and Central Europe,Denmark,Cocaine,1990,80000.0,144.0
Western and Central Europe,Denmark,Cocaine,1991,85000.0,135.0
Western and Central Europe,Denmark,Cocaine,1992,85000.0,111.0
Western and Central Europe,Denmark,Cocaine,1993,82500.0,90.0
Western and Central Europe,Denmark,Cocaine,1994,58516.0,150.0
Western and Central Europe,Denmark,Cocaine,1995,60034.0,176.0
Western and Central Europe,Denmark,Cocaine,1996,46141.0,169.0
Western and Central Europe,Denmark,Cocaine,1997,38640.0,108.0
Western and Central Europe,Denmark,Cocaine,1998,44517.0,119.0
Western and Central Europe,Denmark,Cocaine,1999,78900.0,165.0
Western and Central Europe,Denmark,Cocaine,2000,43462.0,106.0
Western and Central Europe,Denmark,Cocaine,2001,47839.0,120.0
Western and Central Europe,Denmark,Cocaine,2002,37823.0,91.0
Western and Central Europe,Denmark,Cocaine,2003,53160.0,122.0
Western and Central Europe,Denmark,Cocaine,2004,45896.0,82.0
Western and Central Europe,Denmark,Cocaine,2005,50321.0,82.0
Western and Central Europe,Denmark,Cocaine,2006,40520.0,81.0
Western and Central Europe,Denmark,Cocaine,2007,40445.0,74.0
Western and Central Europe,Denmark,Cocaine,2008,43447.0,99.0
Western and Central Europe,Denmark,Cocaine,2009,40730.0,93.0
Western and Central Europe,Denmark,Cocaine,2010,44501.0,89.0
Western and Central Europe,Denmark,Cocaine,2011,47083.0,94.0
Western and Central Europe,Denmark,Cocaine,2012,43286.0,87.0
Western and Central Europe,Denmark,Cocaine,2013,44395.0,92.0
Western and Central Europe,Denmark,Cocaine,2014,49140.0,103.0
Western and Central Europe,Denmark,Cocaine,2015,29326.0,73.0
Western and Central Europe,Denmark,Cocaine,2016,29740.0,74.0
Western and Central Europe,Denmark,Cocaine,2017,45262.52,74.0
Western and Central Europe,Denmark,Cocaine,2018,39626.0,95.0
Western and Central Europe,Denmark,Cocaine,2019,37492.5,105.0
Western and Central Europe,Denmark,Cocaine,2020,37492.5,105.0
Western and Central Europe,Denmark,Heroin,1990,110000.0,287.0
Western and Central Europe,Denmark,Heroin,1991,100000.0,265.0
Western and Central Europe,Denmark,Heroin,1992,85000.0,151.0
Western and Central Europe,Denmark,Heroin,1993,95000.0,139.0
Western and Central Europe,Denmark,Heroin,1994,117625.0,228.0
Western and Central Europe,Denmark,Heroin,1995,106805.0,191.0
Western and Central Europe,Denmark,Heroin,1996,86806.0,157.0
Western and Central Europe,Denmark,Heroin,1997,100465.0,188.0
Western and Central Europe,Denmark,Heroin,1998,65693.0,147.0
Western and Central Europe,Denmark,Heroin,1999,61507.0,175.0
Western and Central Europe,Denmark,Heroin,2000,23585.0,116.0
Western and Central Europe,Denmark,Heroin,2001,32889.0,111.0
Western and Central Europe,Denmark,Heroin,2002,20803.0,126.0
Western and Central Europe,Denmark,Heroin,2003,41770.0,122.0
Western and Central Europe,Denmark,Heroin,2004,32820.0,94.0
Western and Central Europe,Denmark,Heroin,2005,37741.0,123.0
Western and Central Europe,Denmark,Heroin,2006,35967.0,100.0
Western and Central Europe,Denmark,Heroin,2007,33091.0,92.0
Western and Central Europe,Denmark,Heroin,2008,52335.0,158.0
Western and Central Europe,Denmark,Heroin,2009,49066.0,148.0
Western and Central Europe,Denmark,Heroin,2010,48952.0,151.0
Western and Central Europe,Denmark,Heroin,2011,51791.0,160.0
Western and Central Europe,Denmark,Heroin,2012,47614.0,147.0
Western and Central Europe,Denmark,Heroin,2013,64743.0,148.0
Western and Central Europe,Denmark,Heroin,2014,40950.0,139.0
Western and Central Europe,Denmark,Heroin,2015,47654.0,103.0
Western and Central Europe,Denmark,Heroin,2016,44610.0,104.0
Western and Central Europe,Denmark,Heroin,2017,45263.0,106.0
Western and Central Europe,Denmark,Heroin,2018,51514.0,135.0
Western and Central Europe,Denmark,Heroin,2019,37492.5,90.0
Western and Central Europe,Denmark,Heroin,2020,37492.5,90.0
Western and Central Europe,Finland,Cocaine,1990,79500.0,159.0
Western and Central Europe,Finland,Cocaine,1991,75000.0,150.0
Western and Central Europe,Finland,Cocaine,1992,62750.0,126.0
Western and Central Europe,Finland,Cocaine,1993,52500.0,105.0
Western and Central Europe,Finland,Cocaine,1994,82500.0,165.0
Western and Central Europe,Finland,Cocaine,1995,95450.0,191.0
Western and Central Europe,Finland,Cocaine,1996,91750.0,184.0
Western and Central Europe,Finland,Cocaine,1997,61550.0,123.0
Western and Central Europe,Finland,Cocaine,1998,89350.0,179.0
Western and Central Europe,Finland,Cocaine,1999,78460.0,157.0
Western and Central Europe,Finland,Cocaine,2000,68321.0,138.0
Western and Central Europe,Finland,Cocaine,2001,59492.0,121.0
Western and Central Europe,Finland,Cocaine,2002,51804.0,111.0
Western and Central Europe,Finland,Cocaine,2003,62150.0,151.0
Western and Central Europe,Finland,Cocaine,2004,68315.0,146.0
Western and Central Europe,Finland,Cocaine,2005,68315.0,125.0
Western and Central Europe,Finland,Cocaine,2006,56611.0,100.0
Western and Central Europe,Finland,Cocaine,2007,61660.0,110.0
Western and Central Europe,Finland,Cocaine,2008,66176.0,154.0
Western and Central Europe,Finland,Cocaine,2009,62573.0,139.0
Western and Central Europe,Finland,Cocaine,2010,59612.0,106.0
Western and Central Europe,Finland,Cocaine,2011,97724.0,112.0
Western and Central Europe,Finland,Cocaine,2012,90206.0,103.0
Western and Central Europe,Finland,Cocaine,2013,130032.0,107.0
Western and Central Europe,Finland,Cocaine,2014,128305.0,145.0
Western and Central Europe,Finland,Cocaine,2015,95733.0,126.0
Western and Central Europe,Finland,Cocaine,2016,77519.0,111.0
Western and Central Europe,Finland,Cocaine,2017,78563.0,112.0
Western and Central Europe,Finland,Cocaine,2018,94451.0,118.0
Western and Central Europe,Finland,Cocaine,2019,89585.67,112.0
Western and Central Europe,Finland,Cocaine,2020,96810.93,125.28
Western and Central Europe,Finland,Heroin,1990,353774.0,800.0
Western and Central Europe,Finland,Heroin,1991,353774.0,696.0
Western and Central Europe,Finland,Heroin,1992,353774.0,770.0
Western and Central Europe,Finland,Heroin,1993,353774.0,724.0
Western and Central Europe,Finland,Heroin,1994,353774.0,606.0
Western and Central Europe,Finland,Heroin,1995,353774.0,455.0
Western and Central Europe,Finland,Heroin,1996,321586.0,414.0
Western and Central Europe,Finland,Heroin,1997,199442.0,257.0
Western and Central Europe,Finland,Heroin,1998,197856.0,254.0
Western and Central Europe,Finland,Heroin,1999,194357.0,250.0
Western and Central Europe,Finland,Heroin,2000,161034.0,207.0
Western and Central Europe,Finland,Heroin,2001,44840.0,121.0
Western and Central Europe,Finland,Heroin,2002,51804.0,188.0
Western and Central Europe,Finland,Heroin,2003,51800.0,195.0
Western and Central Europe,Finland,Heroin,2004,68314.0,195.0
Western and Central Europe,Finland,Heroin,2005,69192.0,182.0
Western and Central Europe,Finland,Heroin,2006,69192.0,125.0
Western and Central Europe,Finland,Heroin,2007,54810.0,151.0
Western and Central Europe,Finland,Heroin,2008,58824.0,235.0
Western and Central Europe,Finland,Heroin,2009,58824.0,223.0
Western and Central Europe,Finland,Heroin,2010,52989.0,159.0
Western and Central Europe,Finland,Heroin,2011,55843.0,168.0
Western and Central Europe,Finland,Heroin,2012,51546.0,155.0
Western and Central Europe,Finland,Heroin,2013,53346.0,160.0
Western and Central Europe,Finland,Heroin,2014,53346.0,185.0
Western and Central Europe,Finland,Heroin,2015,53346.0,164.0
Western and Central Europe,Finland,Heroin,2016,53346.0,166.0
Western and Central Europe,Finland,Heroin,2017,53346.0,168.0
Western and Central Europe,Finland,Heroin,2018,53346.0,177.0
Western and Central Europe,Finland,Heroin,2019,53346.0,177.0
Western and Central Europe,Finland,Heroin,2020,53346.0,199.09
Western and Central Europe,France,Cocaine,1990,117000.0,99.0
Western and Central Europe,France,Cocaine,1991,38250.0,119.0
Western and Central Europe,France,Cocaine,1992,45000.0,140.0
Western and Central Europe,France,Cocaine,1993,38250.0,153.0
Western and Central Europe,France,Cocaine,1994,40000.0,151.0
Western and Central Europe,France,Cocaine,1995,39877.0,174.0
Western and Central Europe,France,Cocaine,1996,48077.0,125.0
Western and Central Europe,France,Cocaine,1997,43554.0,87.0
Western and Central Europe,France,Cocaine,1998,42159.0,84.0
Western and Central Europe,France,Cocaine,1999,27714.0,82.0
Western and Central Europe,France,Cocaine,2000,27000.0,50.0
Western and Central Europe,France,Cocaine,2001,34978.0,87.0
Western and Central Europe,France,Cocaine,2002,37676.0,75.0
Western and Central Europe,France,Cocaine,2003,45200.0,90.0
Western and Central Europe,France,Cocaine,2004,49683.0,99.0
Western and Central Europe,France,Cocaine,2005,50321.0,94.0
Western and Central Europe,France,Cocaine,2006,50190.0,97.0
Western and Central Europe,France,Cocaine,2007,61661.0,96.0
Western and Central Europe,France,Cocaine,2008,44118.0,103.0
Western and Central Europe,France,Cocaine,2009,41715.0,83.0
Western and Central Europe,France,Cocaine,2010,39741.0,80.0
Western and Central Europe,France,Cocaine,2011,38392.0,87.0
Western and Central Europe,France,Cocaine,2012,38660.0,84.0
Western and Central Europe,France,Cocaine,2013,40010.0,87.0
Western and Central Europe,France,Cocaine,2014,46058.0,86.0
Western and Central Europe,France,Cocaine,2015,38293.0,71.0
Western and Central Europe,France,Cocaine,2016,37728.67,71.0
Western and Central Europe,France,Cocaine,2017,37164.33,71.0
Western and Central Europe,France,Cocaine,2018,36600.0,83.0
Western and Central Europe,France,Cocaine,2019,34714.45,78.0
Western and Central Europe,France,Cocaine,2020,38154.9,75.17
Western and Central Europe,France,Heroin,1990,180000.0,145.0
Western and Central Europe,France,Heroin,1991,72250.0,153.0
Western and Central Europe,France,Heroin,1992,80000.0,150.0
Western and Central Europe,France,Heroin,1993,63750.0,135.0
Western and Central Europe,France,Heroin,1994,75000.0,144.0
Western and Central Europe,France,Heroin,1995,66035.0,170.0
Western and Central Europe,France,Heroin,1996,46603.0,156.0
Western and Central Europe,France,Heroin,1997,32230.0,113.0
Western and Central Europe,France,Heroin,1998,25885.0,119.0
Western and Central Europe,France,Heroin,1999,25596.0,111.0
Western and Central Europe,France,Heroin,2000,22158.0,32.0
Western and Central Europe,France,Heroin,2001,26906.0,34.0
Western and Central Europe,France,Heroin,2002,23547.0,47.0
Western and Central Europe,France,Heroin,2003,28250.0,57.0
Western and Central Europe,France,Heroin,2004,31050.0,68.0
Western and Central Europe,France,Heroin,2005,31450.0,69.0
Western and Central Europe,France,Heroin,2006,35550.0,67.0
Western and Central Europe,France,Heroin,2007,34246.0,55.0
Western and Central Europe,France,Heroin,2008,36743.0,66.0
Western and Central Europe,France,Heroin,2009,17385.0,56.0
Western and Central Europe,France,Heroin,2010,15897.0,53.0
Western and Central Europe,France,Heroin,2011,11169.0,49.0
Western and Central Europe,France,Heroin,2012,13853.0,45.0
Western and Central Europe,France,Heroin,2013,13337.0,47.0
Western and Central Europe,France,Heroin,2014,19739.0,46.0
Western and Central Europe,France,Heroin,2015,16411.0,38.0
Western and Central Europe,France,Heroin,2016,16844.0,39.0
Western and Central Europe,France,Heroin,2017,17277.0,40.0
Western and Central Europe,France,Heroin,2018,17710.0,41.0
Western and Central Europe,France,Heroin,2019,16797.31,39.0
Western and Central Europe,France,Heroin,2020,15518.22,37.59
Western and Central Europe,Germany,Cocaine,1990,69000.0,120.0
Western and Central Europe,Germany,Cocaine,1991,53100.0,103.0
Western and Central Europe,Germany,Cocaine,1992,60300.0,111.0
Western and Central Europe,Germany,Cocaine,1993,54142.0,95.0
Western and Central Europe,Germany,Cocaine,1994,57692.0,109.0
Western and Central Europe,Germany,Cocaine,1995,54676.0,103.0
Western and Central Europe,Germany,Cocaine,1996,53925.0,90.0
Western and Central Europe,Germany,Cocaine,1997,45294.0,77.0
Western and Central Europe,Germany,Cocaine,1998,41210.0,72.0
Western and Central Europe,Germany,Cocaine,1999,39639.0,68.0
Western and Central Europe,Germany,Cocaine,2000,33752.0,57.0
Western and Central Europe,Germany,Cocaine,2001,33235.0,58.0
Western and Central Europe,Germany,Cocaine,2002,34476.0,57.0
Western and Central Europe,Germany,Cocaine,2003,40110.0,68.0
Western and Central Europe,Germany,Cocaine,2004,44243.0,73.0
Western and Central Europe,Germany,Cocaine,2005,46525.0,79.0
Western and Central Europe,Germany,Cocaine,2006,45320.0,74.0
Western and Central Europe,Germany,Cocaine,2007,48826.0,86.0
Western and Central Europe,Germany,Cocaine,2008,54114.0,91.0
Western and Central Europe,Germany,Cocaine,2009,57171.0,87.0
Western and Central Europe,Germany,Cocaine,2010,53496.0,87.0
Western and Central Europe,Germany,Cocaine,2011,64044.0,92.0
Western and Central Europe,Germany,Cocaine,2012,49982.0,84.0
Western and Central Europe,Germany,Cocaine,2013,48678.0,92.0
Western and Central Europe,Germany,Cocaine,2014,50128.0,100.0
Western and Central Europe,Germany,Cocaine,2015,46849.0,81.0
Western and Central Europe,Germany,Cocaine,2016,46932.0,84.0
Western and Central Europe,Germany,Cocaine,2017,46832.0,81.0
Western and Central Europe,Germany,Cocaine,2018,50989.0,76.0
Western and Central Europe,Germany,Cocaine,2019,46920.49,60.0
Western and Central Europe,Germany,Cocaine,2020,45380.41,83.03
Western and Central Europe,Germany,Heroin,1990,45244.0,105.0
Western and Central Europe,Germany,Heroin,1991,36145.0,75.0
Western and Central Europe,Germany,Heroin,1992,41667.0,96.0
Western and Central Europe,Germany,Heroin,1993,35206.0,74.0
Western and Central Europe,Germany,Heroin,1994,36448.0,91.0
Western and Central Europe,Germany,Heroin,1995,35256.0,90.0
Western and Central Europe,Germany,Heroin,1996,27890.0,74.0
Western and Central Europe,Germany,Heroin,1997,25686.0,51.0
Western and Central Europe,Germany,Heroin,1998,25608.0,43.0
Western and Central Europe,Germany,Heroin,1999,24770.0,45.0
Western and Central Europe,Germany,Heroin,2000,20263.0,39.0
Western and Central Europe,Germany,Heroin,2001,17816.0,38.0
Western and Central Europe,Germany,Heroin,2002,20325.0,38.0
Western and Central Europe,Germany,Heroin,2003,21510.0,46.0
Western and Central Europe,Germany,Heroin,2004,25723.0,49.0
Western and Central Europe,Germany,Heroin,2005,25765.0,48.0
Western and Central Europe,Germany,Heroin,2006,22510.0,46.0
Western and Central Europe,Germany,Heroin,2007,25810.0,48.0
Western and Central Europe,Germany,Heroin,2008,26471.0,53.0
Western and Central Europe,Germany,Heroin,2009,26717.0,51.0
Western and Central Europe,Germany,Heroin,2010,32519.0,48.0
Western and Central Europe,Germany,Heroin,2011,35500.0,59.0
Western and Central Europe,Germany,Heroin,2012,35366.0,55.0
Western and Central Europe,Germany,Heroin,2013,41233.0,65.0
Western and Central Europe,Germany,Heroin,2014,29609.0,57.0
Western and Central Europe,Germany,Heroin,2015,36379.0,55.0
Western and Central Europe,Germany,Heroin,2016,33776.0,53.0
Western and Central Europe,Germany,Heroin,2017,35634.0,48.0
Western and Central Europe,Germany,Heroin,2018,33058.0,52.0
Western and Central Europe,Germany,Heroin,2019,33594.62,57.0
Western and Central Europe,Germany,Heroin,2020,34358.77,52.62
Western and Central Europe,Greece,Cocaine,1990,75000.0,150.0
Western and Central Europe,Greece,Cocaine,1991,90000.0,120.0
Western and Central Europe,Greece,Cocaine,1992,95000.0,105.0
Western and Central Europe,Greece,Cocaine,1993,36000.0,54.0
Western and Central Europe,Greece,Cocaine,1994,46413.0,116.0
Western and Central Europe,Greece,Cocaine,1995,53098.0,111.0
Western and Central Europe,Greece,Cocaine,1996,72015.0,144.0
Western and Central Europe,Greece,Cocaine,1997,43795.0,91.0
Western and Central Europe,Greece,Cocaine,1998,49180.0,54.0
Western and Central Europe,Greece,Cocaine,1999,49320.0,82.0
Western and Central Europe,Greece,Cocaine,2000,41237.0,69.0
Western and Central Europe,Greece,Cocaine,2001,40359.0,72.0
Western and Central Europe,Greece,Cocaine,2002,42385.0,75.0
Western and Central Europe,Greece,Cocaine,2003,53680.0,96.0
Western and Central Europe,Greece,Cocaine,2004,57446.0,93.0
Western and Central Europe,Greece,Cocaine,2005,62902.0,79.0
Western and Central Europe,Greece,Cocaine,2006,62735.0,110.0
Western and Central Europe,Greece,Cocaine,2007,62735.0,111.0
Western and Central Europe,Greece,Cocaine,2008,69853.0,110.0
Western and Central Europe,Greece,Cocaine,2009,63964.0,104.0
Western and Central Europe,Greece,Cocaine,2010,59612.0,96.0
Western and Central Europe,Greece,Cocaine,2011,56541.0,98.0
Western and Central Europe,Greece,Cocaine,2012,52835.0,97.0
Western and Central Europe,Greece,Cocaine,2013,56680.0,120.0
Western and Central Europe,Greece,Cocaine,2014,62507.0,112.0
Western and Central Europe,Greece,Cocaine,2015,51969.0,94.0
Western and Central Europe,Greece,Cocaine,2016,52602.0,94.0
Western and Central Europe,Greece,Cocaine,2017,44893.0,95.0
Western and Central Europe,Greece,Cocaine,2018,46045.0,100.0
Western and Central Europe,Greece,Cocaine,2019,42553.19,95.0
Western and Central Europe,Greece,Cocaine,2020,48405.47,102.51
Western and Central Europe,Greece,Heroin,1990,90000.0,120.0
Western and Central Europe,Greece,Heroin,1991,70000.0,175.0
Western and Central Europe,Greece,Heroin,1992,35000.0,63.0
Western and Central Europe,Greece,Heroin,1993,28000.0,44.0
Western and Central Europe,Greece,Heroin,1994,29536.0,105.0
Western and Central Europe,Greece,Heroin,1995,34362.0,88.0
Western and Central Europe,Greece,Heroin,1996,39090.0,77.0
Western and Central Europe,Greece,Heroin,1997,28775.0,80.0
Western and Central Europe,Greece,Heroin,1998,21020.0,55.0
Western and Central Europe,Greece,Heroin,1999,20714.0,55.0
Western and Central Europe,Greece,Heroin,2000,17320.0,55.0
Western and Central Europe,Greece,Heroin,2001,16592.0,53.0
Western and Central Europe,Greece,Heroin,2002,17425.0,45.0
Western and Central Europe,Greece,Heroin,2003,18650.0,65.0
Western and Central Europe,Greece,Heroin,2004,17540.0,51.0
Western and Central Europe,Greece,Heroin,2005,14782.0,31.0
Western and Central Europe,Greece,Heroin,2006,19450.0,75.0
Western and Central Europe,Greece,Heroin,2007,19450.0,75.0
Western and Central Europe,Greece,Heroin,2008,22413.0,59.0
Western and Central Europe,Greece,Heroin,2009,21205.0,54.0
Western and Central Europe,Greece,Heroin,2010,18215.0,40.0
Western and Central Europe,Greece,Heroin,2011,23035.0,24.0
Western and Central Europe,Greece,Heroin,2012,21263.0,18.0
Western and Central Europe,Greece,Heroin,2013,16004.0,28.0
Western and Central Europe,Greece,Heroin,2014,15791.0,28.0
Western and Central Europe,Greece,Heroin,2015,17505.0,26.0
Western and Central Europe,Greece,Heroin,2016,19934.0,26.0
Western and Central Europe,Greece,Heroin,2017,20202.0,24.0
Western and Central Europe,Greece,Heroin,2018,21842.0,25.0
Western and Central Europe,Greece,Heroin,2019,21276.6,24.0
Western and Central Europe,Greece,Heroin,2020,20501.14,21.07
Western and Central Europe,Ireland,Cocaine,1990,45000.0,141.0
Western and Central Europe,Ireland,Cocaine,1991,45000.0,137.0
Western and Central Europe,Ireland,Cocaine,1992,40000.0,120.0
Western and Central Europe,Ireland,Cocaine,1993,50000.0,110.0
Western and Central Europe,Ireland,Cocaine,1994,45000.0,100.0
Western and Central Europe,Ireland,Cocaine,1995,42000.0,119.0
Western and Central Europe,Ireland,Cocaine,1996,31646.0,32.0
Western and Central Europe,Ireland,Cocaine,1997,33733.0,34.0
Western and Central Europe,Ireland,Cocaine,1998,31530.0,32.0
Western and Central Europe,Ireland,Cocaine,1999,29891.0,30.0
Western and Central Europe,Ireland,Cocaine,2000,29891.0,28.0
Western and Central Europe,Ireland,Cocaine,2001,29891.0,28.0
Western and Central Europe,Ireland,Cocaine,2002,29891.0,94.0
Western and Central Europe,Ireland,Cocaine,2003,30510.0,79.0
Western and Central Europe,Ireland,Cocaine,2004,38557.0,87.0
Western and Central Europe,Switzerland,Heroin,1990,124000.0,312.0
Western and Central Europe,Switzerland,Heroin,1991,153800.0,221.0
Western and Central Europe,Switzerland,Heroin,1992,228875.0,248.0
Western and Central Europe,Switzerland,Heroin,1993,47460.0,126.0
Western and Central Europe,Switzerland,Heroin,1994,52823.0,164.0
Western and Central Europe,Switzerland,Heroin,1995,54850.0,190.0
Western and Central Europe,Switzerland,Heroin,1996,41665.0,116.0
Western and Central Europe,Switzerland,Heroin,1997,37234.0,81.0
Western and Central Europe,Switzerland,Heroin,1998,34294.0,96.0
Western and Central Europe,Switzerland,Heroin,1999,33422.0,167.0
Western and Central Europe,Switzerland,Heroin,2000,29568.0,53.0
Western and Central Europe,Switzerland,Heroin,2001,16082.0,45.0
Western and Central Europe,Switzerland,Heroin,2002,19149.0,39.0
Western and Central Europe,Switzerland,Heroin,2003,22340.0,48.0
Western and Central Europe,Switzerland,Heroin,2004,23580.0,48.0
Western and Central Europe,Switzerland,Heroin,2005,25420.0,48.0
Western and Central Europe,Switzerland,Heroin,2006,21470.0,39.0
Western and Central Europe,Switzerland,Heroin,2007,23180.0,42.0
Western and Central Europe,Switzerland,Heroin,2008,25584.0,37.0
Western and Central Europe,Switzerland,Heroin,2009,25190.0,46.0
Western and Central Europe,Switzerland,Heroin,2010,27710.0,48.0
Western and Central Europe,Switzerland,Heroin,2011,30609.0,57.0
Western and Central Europe,Switzerland,Heroin,2012,28805.0,64.0
Western and Central Europe,Switzerland,Heroin,2013,30440.0,68.0
Western and Central Europe,Switzerland,Heroin,2014,27356.0,61.0
Western and Central Europe,Switzerland,Heroin,2015,27245.0,61.0
Western and Central Europe,Switzerland,Heroin,2016,27245.0,61.0
Western and Central Europe,Switzerland,Heroin,2017,27245.0,61.0
Western and Central Europe,Switzerland,Heroin,2018,27245.0,61.0
Western and Central Europe,Switzerland,Heroin,2019,27245.0,61.0
Western and Central Europe,Switzerland,Heroin,2020,27245.0,61.0
Western and Central Europe,United Kingdom,Cocaine,1990,47850.0,131.0
Western and Central Europe,United Kingdom,Cocaine,1991,46475.0,127.0
Western and Central Europe,United Kingdom,Cocaine,1992,20625.0,69.0
Western and Central Europe,United Kingdom,Cocaine,1993,43210.0,123.0
Western and Central Europe,United Kingdom,Cocaine,1994,45000.0,113.0
Western and Central Europe,United Kingdom,Cocaine,1995,46774.0,111.0
Western and Central Europe,United Kingdom,Cocaine,1996,40625.0,102.0
Western and Central Europe,United Kingdom,Cocaine,1997,47500.0,124.0
Western and Central Europe,United Kingdom,Cocaine,1998,47500.0,128.0
Western and Central Europe,United Kingdom,Cocaine,1999,33981.0,104.0
Western and Central Europe,United Kingdom,Cocaine,2000,38168.0,94.0
Western and Central Europe,United Kingdom,Cocaine,2001,36008.0,94.0
Western and Central Europe,United Kingdom,Cocaine,2002,35848.0,84.0
Western and Central Europe,United Kingdom,Cocaine,2003,40880.0,90.0
Western and Central Europe,United Kingdom,Cocaine,2004,50036.0,91.0
Western and Central Europe,United Kingdom,Cocaine,2005,50036.0,79.0
Western and Central Europe,United Kingdom,Cocaine,2006,50943.0,87.0
Western and Central Europe,United Kingdom,Cocaine,2007,60362.0,91.0
Western and Central Europe,United Kingdom,Cocaine,2008,64682.0,74.0
Western and Central Europe,United Kingdom,Cocaine,2009,76963.0,62.0
Western and Central Europe,United Kingdom,Cocaine,2010,76897.0,62.0
Western and Central Europe,United Kingdom,Cocaine,2011,80334.0,64.0
Western and Central Europe,United Kingdom,Cocaine,2012,79132.0,63.0
Western and Central Europe,United Kingdom,Cocaine,2013,66907.0,67.0
Western and Central Europe,United Kingdom,Cocaine,2014,62112.0,62.0
Western and Central Europe,United Kingdom,Cocaine,2015,57778.0,59.0
Western and Central Europe,United Kingdom,Cocaine,2016,44715.0,54.0
Western and Central Europe,United Kingdom,Cocaine,2017,35990.0,103.0
Western and Central Europe,United Kingdom,Cocaine,2018,46729.0,107.0
Western and Central Europe,United Kingdom,Cocaine,2019,44529.26,127.0
Western and Central Europe,United Kingdom,Cocaine,2020,51413.88,102.83
Western and Central Europe,United Kingdom,Heroin,1990,53940.0,157.0
Western and Central Europe,United Kingdom,Heroin,1991,43940.0,144.0
Western and Central Europe,United Kingdom,Heroin,1992,43500.0,144.0
Western and Central Europe,United Kingdom,Heroin,1993,43210.0,134.0
Western and Central Europe,United Kingdom,Heroin,1994,42500.0,129.0
Western and Central Europe,United Kingdom,Heroin,1995,42004.0,125.0
Western and Central Europe,United Kingdom,Heroin,1996,34846.0,108.0
Western and Central Europe,United Kingdom,Heroin,1997,39491.0,118.0
Western and Central Europe,United Kingdom,Heroin,1998,41667.0,120.0
Western and Central Europe,United Kingdom,Heroin,1999,29126.0,108.0
Western and Central Europe,United Kingdom,Heroin,2000,26718.0,107.0
Western and Central Europe,United Kingdom,Heroin,2001,25926.0,86.0
Western and Central Europe,United Kingdom,Heroin,2002,30620.0,91.0
Western and Central Europe,United Kingdom,Heroin,2003,34340.0,100.0
Western and Central Europe,United Kingdom,Heroin,2004,39041.0,110.0
Western and Central Europe,United Kingdom,Heroin,2005,33249.0,93.0
Western and Central Europe,United Kingdom,Heroin,2006,28320.0,71.0
Western and Central Europe,United Kingdom,Heroin,2007,27163.0,101.0
Western and Central Europe,United Kingdom,Heroin,2008,29569.0,83.0
Western and Central Europe,United Kingdom,Heroin,2009,24628.0,69.0
Western and Central Europe,United Kingdom,Heroin,2010,32297.0,62.0
Western and Central Europe,United Kingdom,Heroin,2011,40167.0,64.0
Western and Central Europe,United Kingdom,Heroin,2012,47479.0,63.0
Western and Central Europe,United Kingdom,Heroin,2013,46835.0,63.0
Western and Central Europe,United Kingdom,Heroin,2014,41925.0,78.0
Western and Central Europe,United Kingdom,Heroin,2015,40000.0,59.0
Western and Central Europe,United Kingdom,Heroin,2016,31165.0,68.0
Western and Central Europe,United Kingdom,Heroin,2017,32134.0,64.0
Western and Central Europe,United Kingdom,Heroin,2018,22697.0,53.0
Western and Central Europe,United Kingdom,Heroin,2019,22900.76,64.0
Western and Central Europe,United Kingdom,Heroin,2020,25706.94,64.0
Western and Central Europe,Ireland,Cocaine,2005,38506.0,88.0
Western and Central Europe,Ireland,Cocaine,2006,39636.0,88.0
Western and Central Europe,Ireland,Cocaine,2007,41107.0,96.0
Western and Central Europe,Ireland,Cocaine,2008,44118.0,103.0
Western and Central Europe,Ireland,Cocaine,2009,36161.0,97.0
Western and Central Europe,Ireland,Cocaine,2010,34443.0,93.0
Western and Central Europe,Ireland,Cocaine,2011,36298.0,98.0
Western and Central Europe,Ireland,Cocaine,2012,38660.0,90.0
Western and Central Europe,Ireland,Cocaine,2013,93356.0,93.0
Western and Central Europe,Ireland,Cocaine,2014,32899.0,92.0
Western and Central Europe,Ireland,Cocaine,2015,32823.0,77.0
Western and Central Europe,Ireland,Cocaine,2016,33223.0,78.0
Western and Central Europe,Ireland,Cocaine,2017,33140.5,78.0
Western and Central Europe,Ireland,Cocaine,2018,33058.0,83.0
Western and Central Europe,Ireland,Cocaine,2019,27995.52,78.0
Western and Central Europe,Ireland,Cocaine,2020,34168.56,79.73
Western and Central Europe,Ireland,Heroin,1990,63940.0,196.0
Western and Central Europe,Ireland,Heroin,1991,53940.0,180.0
Western and Central Europe,Ireland,Heroin,1992,53500.0,180.0
Western and Central Europe,Ireland,Heroin,1993,53210.0,168.0
Western and Central Europe,Ireland,Heroin,1994,52500.0,161.0
Western and Central Europe,Ireland,Heroin,1995,81479.0,179.0
Western and Central Europe,Ireland,Heroin,1996,77643.0,275.0
Western and Central Europe,Ireland,Heroin,1997,36531.0,228.0
Western and Central Europe,Ireland,Heroin,1998,34396.0,213.0
Western and Central Europe,Ireland,Heroin,1999,43478.0,204.0
Western and Central Europe,Ireland,Heroin,2000,37600.0,176.0
Western and Central Europe,Ireland,Heroin,2001,36441.0,170.0
Western and Central Europe,Ireland,Heroin,2002,36441.0,179.0
Western and Central Europe,Ireland,Heroin,2003,30510.0,179.0
Western and Central Europe,Ireland,Heroin,2004,30510.0,248.0
Western and Central Europe,Ireland,Heroin,2005,33967.0,252.0
Western and Central Europe,Ireland,Heroin,2006,33967.0,251.0
Western and Central Europe,Ireland,Heroin,2007,33967.0,274.0
Western and Central Europe,Ireland,Heroin,2008,44120.0,294.0
Western and Central Europe,Ireland,Heroin,2009,41725.0,209.0
Western and Central Europe,Ireland,Heroin,2010,39741.0,207.0
Western and Central Europe,Ireland,Heroin,2011,41882.0,209.0
Western and Central Europe,Ireland,Heroin,2012,38660.0,193.0
Western and Central Europe,Ireland,Heroin,2013,40010.0,200.0
Western and Central Europe,Ireland,Heroin,2014,52638.0,197.0
Western and Central Europe,Ireland,Heroin,2015,43764.0,153.0
Western and Central Europe,Ireland,Heroin,2016,44297.0,155.0
Western and Central Europe,Ireland,Heroin,2017,45761.5,155.0
Western and Central Europe,Ireland,Heroin,2018,47226.0,155.0
Western and Central Europe,Ireland,Heroin,2019,44792.83,157.0
Western and Central Europe,Ireland,Heroin,2020,39863.33,227.79
Western and Central Europe,Italy,Cocaine,1990,54000.0,108.0
Western and Central Europe,Italy,Cocaine,1991,48000.0,120.0
Western and Central Europe,Italy,Cocaine,1992,94000.0,164.0
Western and Central Europe,Italy,Cocaine,1993,41935.0,90.0
Western and Central Europe,Italy,Cocaine,1994,51097.0,104.0
Western and Central Europe,Italy,Cocaine,1995,51455.0,113.0
Western and Central Europe,Italy,Cocaine,1996,55633.0,129.0
Western and Central Europe,Italy,Cocaine,1997,50629.0,109.0
Western and Central Europe,Italy,Cocaine,1998,49091.0,129.0
Western and Central Europe,Italy,Cocaine,1999,47250.0,135.0
Western and Central Europe,Italy,Cocaine,2000,46000.0,100.0
Western and Central Europe,Italy,Cocaine,2001,40529.0,89.0
Western and Central Europe,Italy,Cocaine,2002,41412.0,90.0
Western and Central Europe,Italy,Cocaine,2003,47440.0,101.0
Western and Central Europe,Italy,Cocaine,2004,51759.0,113.0
Western and Central Europe,Italy,Cocaine,2005,52188.0,114.0
Western and Central Europe,Italy,Cocaine,2006,52920.0,104.0
Western and Central Europe,Italy,Cocaine,2007,56029.0,112.0
Western and Central Europe,Italy,Cocaine,2008,63514.0,111.0
Western and Central Europe,Italy,Cocaine,2009,57153.0,99.0
Western and Central Europe,Italy,Cocaine,2010,53593.0,92.0
Western and Central Europe,Italy,Cocaine,2011,54694.0,95.0
Western and Central Europe,Italy,Cocaine,2012,48854.0,90.0
Western and Central Europe,Italy,Cocaine,2013,51738.0,95.0
Western and Central Europe,Italy,Cocaine,2014,52082.0,94.0
Western and Central Europe,Italy,Cocaine,2015,42877.0,79.0
Western and Central Europe,Italy,Cocaine,2016,43499.0,87.0
Western and Central Europe,Italy,Cocaine,2017,43527.0,92.0
Western and Central Europe,Italy,Cocaine,2018,45667.0,96.0
Western and Central Europe,Italy,Cocaine,2019,42891.67,89.0
Western and Central Europe,Italy,Cocaine,2020,43769.93,91.34
Western and Central Europe,Italy,Heroin,1990,67500.0,167.0
Western and Central Europe,Italy,Heroin,1991,60000.0,148.0
Western and Central Europe,Italy,Heroin,1992,108000.0,140.0
Western and Central Europe,Italy,Heroin,1993,42581.0,29.0
Western and Central Europe,Italy,Heroin,1994,47690.0,55.0
Western and Central Europe,Italy,Heroin,1995,35786.0,41.0
Western and Central Europe,Italy,Heroin,1996,48152.0,115.0
Western and Central Europe,Italy,Heroin,1997,37795.0,98.0
Western and Central Europe,Italy,Heroin,1998,36459.0,120.0
Western and Central Europe,Italy,Heroin,1999,36894.0,95.0
Western and Central Europe,Italy,Heroin,2000,31163.0,71.0
Western and Central Europe,Italy,Heroin,2001,32979.0,68.0
Western and Central Europe,Italy,Heroin,2002,33669.0,59.0
Western and Central Europe,Italy,Heroin,2003,29830.0,63.0
Western and Central Europe,Italy,Heroin,2004,30109.0,69.0
Western and Central Europe,Italy,Heroin,2005,30496.0,68.0
Western and Central Europe,Italy,Heroin,2006,28830.0,66.0
Western and Central Europe,Italy,Heroin,2007,31676.0,66.0
Western and Central Europe,Italy,Heroin,2008,46300.0,78.0
Western and Central Europe,Italy,Heroin,2009,44044.0,72.0
Western and Central Europe,Italy,Heroin,2010,39478.0,68.0
Western and Central Europe,Italy,Heroin,2011,39687.0,73.0
Western and Central Europe,Italy,Heroin,2012,34912.0,67.0
Western and Central Europe,Italy,Heroin,2013,35537.0,68.0
Western and Central Europe,Italy,Heroin,2014,32961.0,65.0
Western and Central Europe,Italy,Heroin,2015,29727.0,53.0
Western and Central Europe,Italy,Heroin,2016,29884.0,53.0
Western and Central Europe,Italy,Heroin,2017,28432.0,48.0
Western and Central Europe,Italy,Heroin,2018,28524.0,53.0
Western and Central Europe,Italy,Heroin,2019,26274.82,54.0
Western and Central Europe,Italy,Heroin,2020,33443.05,61.5
Western and Central Europe,Luxembourg,Cocaine,1990,93919.0,150.0
Western and Central Europe,Luxembourg,Cocaine,1991,95939.0,150.0
Western and Central Europe,Luxembourg,Cocaine,1992,113521.0,150.0
Western and Central Europe,Luxembourg,Cocaine,1993,50847.0,150.0
Western and Central Europe,Luxembourg,Cocaine,1994,157593.0,172.0
Western and Central Europe,Luxembourg,Cocaine,1995,141343.0,194.0
Western and Central Europe,Luxembourg,Cocaine,1996,47625.0,127.0
Western and Central Europe,Luxembourg,Cocaine,1997,43103.0,115.0
Western and Central Europe,Luxembourg,Cocaine,1998,41072.0,110.0
Western and Central Europe,Luxembourg,Cocaine,1999,47718.0,119.0
Western and Central Europe,Luxembourg,Cocaine,2000,47718.0,119.0
Western and Central Europe,Luxembourg,Cocaine,2001,47718.0,119.0
Western and Central Europe,Luxembourg,Cocaine,2002,47718.0,107.0
Western and Central Europe,Luxembourg,Cocaine,2003,47718.0,96.0
Western and Central Europe,Luxembourg,Cocaine,2004,31052.0,114.0
Western and Central Europe,Luxembourg,Cocaine,2005,31450.0,105.0
Western and Central Europe,Luxembourg,Cocaine,2006,31450.0,106.0
Western and Central Europe,Luxembourg,Cocaine,2007,33787.0,89.0
Western and Central Europe,Luxembourg,Cocaine,2008,36299.0,89.0
Western and Central Europe,Luxembourg,Cocaine,2009,38996.0,89.0
Western and Central Europe,Luxembourg,Cocaine,2010,41895.0,166.0
Western and Central Europe,Luxembourg,Cocaine,2011,45008.0,119.0
Western and Central Europe,Luxembourg,Cocaine,2012,48353.0,110.0
Western and Central Europe,Luxembourg,Cocaine,2013,51947.0,114.0
Western and Central Europe,Luxembourg,Cocaine,2014,55808.0,112.0
Western and Central Europe,Luxembourg,Cocaine,2015,55808.0,93.0
Western and Central Europe,Luxembourg,Cocaine,2016,55808.0,95.0
Western and Central Europe,Luxembourg,Cocaine,2017,55808.0,106.0
Western and Central Europe,Luxembourg,Cocaine,2018,55808.0,81.0
Western and Central Europe,Luxembourg,Cocaine,2019,55808.0,77.0
Western and Central Europe,Luxembourg,Cocaine,2020,55808.0,85.42
Western and Central Europe,Luxembourg,Heroin,1990,86000.0,172.0
Western and Central Europe,Luxembourg,Heroin,1991,75000.0,150.0
Western and Central Europe,Luxembourg,Heroin,1992,75000.0,150.0
Western and Central Europe,Luxembourg,Heroin,1993,49500.0,150.0
Western and Central Europe,Luxembourg,Heroin,1994,86000.0,172.0
Western and Central Europe,Luxembourg,Heroin,1995,57079.0,202.0
Western and Central Europe,Luxembourg,Heroin,1996,59852.0,138.0
Western and Central Europe,Luxembourg,Heroin,1997,54786.0,141.0
Western and Central Europe,Luxembourg,Heroin,1998,52630.0,133.0
Western and Central Europe,Luxembourg,Heroin,1999,50368.0,126.0
Western and Central Europe,Luxembourg,Heroin,2000,48000.0,69.0
Western and Central Europe,Luxembourg,Heroin,2001,50369.0,67.0
Western and Central Europe,Luxembourg,Heroin,2002,50369.0,67.0
Western and Central Europe,Luxembourg,Heroin,2003,24700.0,45.0
Western and Central Europe,Luxembourg,Heroin,2004,43473.0,101.0
Western and Central Europe,Luxembourg,Heroin,2005,44030.0,102.0
Western and Central Europe,Luxembourg,Heroin,2006,44030.0,102.0
Western and Central Europe,Luxembourg,Heroin,2007,31451.0,96.0
Western and Central Europe,Luxembourg,Heroin,2008,33763.0,96.0
Western and Central Europe,Luxembourg,Heroin,2009,31925.0,96.0
Western and Central Europe,Luxembourg,Heroin,2010,30414.0,88.0
Western and Central Europe,Luxembourg,Heroin,2011,32052.0,78.0
Western and Central Europe,Luxembourg,Heroin,2012,29587.0,72.0
Western and Central Europe,Luxembourg,Heroin,2013,30000.0,74.0
Western and Central Europe,Luxembourg,Heroin,2014,30000.0,74.0
Western and Central Europe,Luxembourg,Heroin,2015,30000.0,61.0
Western and Central Europe,Luxembourg,Heroin,2016,30000.0,61.0
Western and Central Europe,Luxembourg,Heroin,2017,30000.0,61.0
Western and Central Europe,Luxembourg,Heroin,2018,30000.0,61.0
Western and Central Europe,Luxembourg,Heroin,2019,30000.0,53.0
Western and Central Europe,Luxembourg,Heroin,2020,30000.0,51.25
Western and Central Europe,Netherlands,Cocaine,1990,26500.0,66.0
Western and Central Europe,Netherlands,Cocaine,1991,28000.0,70.0
Western and Central Europe,Netherlands,Cocaine,1992,29500.0,74.0
Western and Central Europe,Netherlands,Cocaine,1993,26500.0,66.0
Western and Central Europe,Netherlands,Cocaine,1994,24680.0,60.0
Western and Central Europe,Netherlands,Cocaine,1995,33232.0,79.0
Western and Central Europe,Netherlands,Cocaine,1996,23894.0,52.0
Western and Central Europe,Netherlands,Cocaine,1997,29698.0,64.0
Western and Central Europe,Netherlands,Cocaine,1998,22355.0,38.0
Western and Central Europe,Netherlands,Cocaine,1999,27500.0,33.0
Western and Central Europe,Netherlands,Cocaine,2000,27500.0,33.0
Western and Central Europe,Netherlands,Cocaine,2001,27500.0,33.0
Western and Central Europe,Netherlands,Cocaine,2002,27500.0,33.0
Western and Central Europe,Netherlands,Cocaine,2003,27400.0,50.0
Western and Central Europe,Netherlands,Cocaine,2004,33775.0,59.0
Western and Central Europe,Netherlands,Cocaine,2005,33775.0,59.0
Western and Central Europe,Netherlands,Cocaine,2006,35000.0,60.0
Western and Central Europe,Netherlands,Cocaine,2007,42409.0,59.0
Western and Central Europe,Netherlands,Cocaine,2008,46691.0,63.0
Western and Central Europe,Netherlands,Cocaine,2009,44149.0,63.0
Western and Central Europe,Netherlands,Cocaine,2010,41596.0,59.0
Western and Central Europe,Netherlands,Cocaine,2011,43836.0,73.0
Western and Central Europe,Netherlands,Cocaine,2012,40464.0,67.0
Western and Central Europe,Netherlands,Cocaine,2013,41877.0,69.0
Western and Central Europe,Netherlands,Cocaine,2014,41877.0,69.0
Western and Central Europe,Netherlands,Cocaine,2015,41877.0,65.15
Western and Central Europe,Netherlands,Cocaine,2016,41877.0,62.04
Western and Central Europe,Netherlands,Cocaine,2017,41877.0,56.0
Western and Central Europe,Netherlands,Cocaine,2018,41877.0,58.0
Western and Central Europe,Netherlands,Cocaine,2019,41877.0,58.0
Western and Central Europe,Netherlands,Cocaine,2020,41877.0,57.29
Western and Central Europe,Netherlands,Heroin,1990,23850.0,49.0
Western and Central Europe,Netherlands,Heroin,1991,25000.0,50.0
Western and Central Europe,Netherlands,Heroin,1992,26550.0,55.0
Western and Central Europe,Netherlands,Heroin,1993,23850.0,49.0
Western and Central Europe,Netherlands,Heroin,1994,23850.0,55.0
Western and Central Europe,Netherlands,Heroin,1995,24384.0,61.0
Western and Central Europe,Netherlands,Heroin,1996,20572.0,48.0
Western and Central Europe,Netherlands,Heroin,1997,13810.0,55.0
Western and Central Europe,Netherlands,Heroin,1998,14056.0,34.0
Western and Central Europe,Netherlands,Heroin,1999,16985.0,30.0
Western and Central Europe,Netherlands,Heroin,2000,14703.0,25.0
Western and Central Europe,Netherlands,Heroin,2001,15757.0,43.0
Western and Central Europe,Netherlands,Heroin,2002,29199.0,35.0
Western and Central Europe,Netherlands,Heroin,2003,17730.0,40.0
Western and Central Europe,Netherlands,Heroin,2004,17730.0,57.0
Western and Central Europe,Netherlands,Heroin,2005,18240.0,38.0
Western and Central Europe,Netherlands,Heroin,2006,16625.0,38.0
Western and Central Europe,Netherlands,Heroin,2007,16957.0,33.0
Western and Central Europe,Netherlands,Heroin,2008,19841.0,53.0
Western and Central Europe,Netherlands,Heroin,2009,19841.0,53.0
Western and Central Europe,Netherlands,Heroin,2010,22079.0,51.0
Western and Central Europe,Netherlands,Heroin,2011,23268.0,60.0
Western and Central Europe,Netherlands,Heroin,2012,21478.0,55.0
Western and Central Europe,Netherlands,Heroin,2013,22228.0,47.0
Western and Central Europe,Netherlands,Heroin,2014,22228.0,45.0
Western and Central Europe,Netherlands,Heroin,2015,22228.0,45.0
Western and Central Europe,Netherlands,Heroin,2016,22228.0,39.0
Western and Central Europe,Netherlands,Heroin,2017,22228.0,43.0
Western and Central Europe,Netherlands,Heroin,2018,22228.0,41.0
Western and Central Europe,Netherlands,Heroin,2019,22228.0,41.0
Western and Central Europe,Netherlands,Heroin,2020,22228.0,41.0
Western and Central Europe,Norway,Cocaine,1990,120000.0,176.0
Western and Central Europe,Norway,Cocaine,1991,120000.0,170.0
Western and Central Europe,Norway,Cocaine,1992,127500.0,255.0
Western and Central Europe,Norway,Cocaine,1993,110000.0,156.0
Western and Central Europe,Norway,Cocaine,1994,39971.0,145.0
Western and Central Europe,Norway,Cocaine,1995,50000.0,150.0
Western and Central Europe,Norway,Cocaine,1996,41670.0,153.0
Western and Central Europe,Norway,Cocaine,1997,60028.0,177.0
Western and Central Europe,Norway,Cocaine,1998,81699.0,133.0
Western and Central Europe,Norway,Cocaine,1999,57545.0,128.0
Western and Central Europe,Norway,Cocaine,2000,51417.0,114.0
Western and Central Europe,Norway,Cocaine,2001,51569.0,157.0
Western and Central Europe,Norway,Cocaine,2002,54159.0,165.0
Western and Central Europe,Norway,Cocaine,2003,56500.0,170.0
Western and Central Europe,Norway,Cocaine,2004,65209.0,155.0
Western and Central Europe,Norway,Cocaine,2005,65209.0,155.0
Western and Central Europe,Norway,Cocaine,2006,56400.0,151.0
Western and Central Europe,Norway,Cocaine,2007,61661.0,164.0
Western and Central Europe,Norway,Cocaine,2008,51471.0,154.0
Western and Central Europe,Norway,Cocaine,2009,48668.0,146.0
Western and Central Europe,Norway,Cocaine,2010,46365.0,139.0
Western and Central Europe,Norway,Cocaine,2011,48862.0,147.0
Western and Central Europe,Norway,Cocaine,2012,45103.0,135.0
Western and Central Europe,Norway,Cocaine,2013,46678.0,127.0
Western and Central Europe,Norway,Cocaine,2014,46678.0,109.0
Western and Central Europe,Norway,Cocaine,2015,46678.0,92.0
Western and Central Europe,Norway,Cocaine,2016,46678.0,92.0
Western and Central Europe,Norway,Cocaine,2017,42393.38,115.0
Western and Central Europe,Norway,Cocaine,2018,42393.38,115.0
Western and Central Europe,Norway,Cocaine,2019,42393.38,115.0
Western and Central Europe,Norway,Cocaine,2020,42393.38,115.0
Western and Central Europe,Norway,Heroin,1990,220000.0,1680.0
Western and Central Europe,Norway,Heroin,1991,200000.0,525.0
Western and Central Europe,Norway,Heroin,1992,212500.0,510.0
Western and Central Europe,Norway,Heroin,1993,151099.0,275.0
Western and Central Europe,Norway,Heroin,1994,101744.0,349.0
Western and Central Europe,Norway,Heroin,1995,85000.0,300.0
Western and Central Europe,Norway,Heroin,1996,72520.0,282.0
Western and Central Europe,Norway,Heroin,1997,62209.0,198.0
Western and Central Europe,Norway,Heroin,1998,64918.0,186.0
Western and Central Europe,Norway,Heroin,1999,49872.0,166.0
Western and Central Europe,Norway,Heroin,2000,44561.0,128.0
Western and Central Europe,Norway,Heroin,2001,35874.0,157.0
Western and Central Europe,Norway,Heroin,2002,37676.0,165.0
Western and Central Europe,Norway,Heroin,2003,48234.0,198.0
Western and Central Europe,Norway,Heroin,2004,52790.0,148.0
Western and Central Europe,Norway,Heroin,2005,53490.0,220.0
Western and Central Europe,Norway,Heroin,2006,53325.0,220.0
Western and Central Europe,Norway,Heroin,2007,58235.0,240.0
Western and Central Europe,Norway,Heroin,2008,47766.0,170.0
Western and Central Europe,Norway,Heroin,2009,47766.0,160.0
Western and Central Europe,Norway,Heroin,2010,47794.0,152.0
Western and Central Europe,Norway,Heroin,2011,45372.0,161.0
Western and Central Europe,Norway,Heroin,2012,41223.0,143.0
Western and Central Europe,Norway,Heroin,2013,37074.0,126.0
Western and Central Europe,Norway,Heroin,2014,32925.0,109.0
Western and Central Europe,Norway,Heroin,2015,28775.0,92.0
Western and Central Europe,Norway,Heroin,2016,28775.0,97.0
Western and Central Europe,Norway,Heroin,2017,28775.0,102.0
Western and Central Europe,Norway,Heroin,2018,28775.0,102.0
Western and Central Europe,Norway,Heroin,2019,28775.0,102.0
Western and Central Europe,Norway,Heroin,2020,28775.0,102.0
Western and Central Europe,Portugal,Cocaine,1990,39500.0,63.0
Western and Central Europe,Portugal,Cocaine,1991,39285.0,57.0
Western and Central Europe,Portugal,Cocaine,1992,33000.0,60.0
Western and Central Europe,Portugal,Cocaine,1993,27000.0,57.0
Western and Central Europe,Portugal,Cocaine,1994,27950.0,59.0
Western and Central Europe,Portugal,Cocaine,1995,34483.0,66.0
Western and Central Europe,Portugal,Cocaine,1996,42591.0,64.0
Western and Central Europe,Portugal,Cocaine,1997,37908.0,57.0
Western and Central Europe,Portugal,Cocaine,1998,33447.0,51.0
Western and Central Europe,Portugal,Cocaine,1999,30000.0,43.0
Western and Central Europe,Portugal,Cocaine,2000,28000.0,56.0
Western and Central Europe,Portugal,Cocaine,2001,29080.0,48.0
Western and Central Europe,Portugal,Cocaine,2002,31046.0,36.0
Western and Central Europe,Portugal,Cocaine,2003,32410.0,47.0
Western and Central Europe,Portugal,Cocaine,2004,36399.0,49.0
Western and Central Europe,Portugal,Cocaine,2005,36399.0,55.0
Western and Central Europe,Portugal,Cocaine,2006,31365.0,56.0
Western and Central Europe,Portugal,Cocaine,2007,34256.0,55.0
Western and Central Europe,Portugal,Cocaine,2008,44118.0,66.0
Western and Central Europe,Portugal,Cocaine,2009,41716.0,66.0
Western and Central Europe,Portugal,Cocaine,2010,39741.0,61.0
Western and Central Europe,Portugal,Cocaine,2011,41882.0,70.0
Western and Central Europe,Portugal,Cocaine,2012,38660.0,65.0
Western and Central Europe,Portugal,Cocaine,2013,40010.0,63.0
Western and Central Europe,Portugal,Cocaine,2014,40010.0,63.0
Western and Central Europe,Portugal,Cocaine,2015,40010.0,59.31
Western and Central Europe,Portugal,Cocaine,2016,40010.0,56.58
Western and Central Europe,Portugal,Cocaine,2017,27643.0,50.0
Western and Central Europe,Portugal,Cocaine,2018,25260.47,54.0
Western and Central Europe,Portugal,Cocaine,2019,22877.93,37.0
Western and Central Europe,Portugal,Cocaine,2020,18895.22,37.59
Western and Central Europe,Portugal,Heroin,1990,50000.0,83.0
Western and Central Europe,Portugal,Heroin,1991,55000.0,82.0
Western and Central Europe,Portugal,Heroin,1992,46667.0,72.0
Western and Central Europe,Portugal,Heroin,1993,31500.0,63.0
Western and Central Europe,Portugal,Heroin,1994,32428.0,65.0
Western and Central Europe,Portugal,Heroin,1995,43171.0,79.0
Western and Central Europe,Portugal,Heroin,1996,45902.0,68.0
Western and Central Europe,Portugal,Heroin,1997,38841.0,55.0
Western and Central Europe,Portugal,Heroin,1998,30483.0,74.0
Western and Central Europe,Portugal,Heroin,1999,29339.0,37.0
Western and Central Europe,Portugal,Heroin,2000,25398.0,45.0
Western and Central Europe,Portugal,Heroin,2001,31310.0,45.0
Western and Central Europe,Portugal,Heroin,2002,25839.0,41.0
Western and Central Europe,Portugal,Heroin,2003,31000.0,54.0
Western and Central Europe,Portugal,Heroin,2004,34075.0,52.0
Western and Central Europe,Portugal,Heroin,2005,34512.0,52.0
Western and Central Europe,Portugal,Heroin,2006,34512.0,52.0
Western and Central Europe,Portugal,Heroin,2007,20554.0,52.0
Western and Central Europe,Portugal,Heroin,2008,27206.0,49.0
Western and Central Europe,Portugal,Heroin,2009,38239.0,51.0
Western and Central Europe,Portugal,Heroin,2010,29806.0,47.0
Western and Central Europe,Portugal,Heroin,2011,31411.0,50.0
Western and Central Europe,Portugal,Heroin,2012,28995.0,46.0
Western and Central Europe,Portugal,Heroin,2013,30007.0,48.0
Western and Central Europe,Portugal,Heroin,2014,30007.0,34.0
Western and Central Europe,Portugal,Heroin,2015,30007.0,32.0
Western and Central Europe,Portugal,Heroin,2016,30007.0,29.0
Western and Central Europe,Portugal,Heroin,2017,30007.0,30.0
Western and Central Europe,Portugal,Heroin,2018,30007.0,34.0
Western and Central Europe,Portugal,Heroin,2019,30007.0,27.0
Western and Central Europe,Portugal,Heroin,2020,30007.0,19.51
Western and Central Europe,Spain,Cocaine,1990,65000.0,110.0
Western and Central Europe,Spain,Cocaine,1991,60000.0,100.0
Western and Central Europe,Spain,Cocaine,1992,55000.0,100.0
Western and Central Europe,Spain,Cocaine,1993,35000.0,63.0
Western and Central Europe,Spain,Cocaine,1994,36434.0,78.0
Western and Central Europe,Spain,Cocaine,1995,41322.0,91.0
Western and Central Europe,Spain,Cocaine,1996,38760.0,72.0
Western and Central Europe,Spain,Cocaine,1997,36806.0,68.0
Western and Central Europe,Spain,Cocaine,1998,38924.0,68.0
Western and Central Europe,Spain,Cocaine,1999,38898.0,63.0
Western and Central Europe,Spain,Cocaine,2000,30882.0,52.0
Western and Central Europe,Spain,Cocaine,2001,38898.0,52.0
Western and Central Europe,Spain,Cocaine,2002,31511.0,56.0
Western and Central Europe,Spain,Cocaine,2003,38830.0,70.0
Western and Central Europe,Spain,Cocaine,2004,42167.0,76.0
Western and Central Europe,Spain,Cocaine,2005,41321.0,76.0
Western and Central Europe,Spain,Cocaine,2006,41210.0,76.0
Western and Central Europe,Spain,Cocaine,2007,46274.0,83.0
Western and Central Europe,Spain,Cocaine,2008,48709.0,89.0
Western and Central Europe,Spain,Cocaine,2009,45941.0,83.0
Western and Central Europe,Spain,Cocaine,2010,45034.0,79.0
Western and Central Europe,Spain,Cocaine,2011,47877.0,82.0
Western and Central Europe,Spain,Cocaine,2012,43909.0,76.0
Western and Central Europe,Spain,Cocaine,2013,44756.0,77.0
Western and Central Europe,Spain,Cocaine,2014,44857.0,76.0
Western and Central Europe,Spain,Cocaine,2015,37603.0,64.0
Western and Central Europe,Spain,Cocaine,2016,38586.0,64.0
Western and Central Europe,Spain,Cocaine,2017,39747.0,67.0
Western and Central Europe,Spain,Cocaine,2018,40150.0,70.0
Western and Central Europe,Spain,Cocaine,2019,38076.15,67.0
Western and Central Europe,Spain,Cocaine,2020,40726.65,67.0
Western and Central Europe,Spain,Heroin,1990,160000.0,175.0
Western and Central Europe,Spain,Heroin,1991,125000.0,185.0
Western and Central Europe,Spain,Heroin,1992,122500.0,180.0
Western and Central Europe,Spain,Heroin,1993,91000.0,126.0
Western and Central Europe,Spain,Heroin,1994,74418.0,132.0
Western and Central Europe,Spain,Heroin,1995,79880.0,120.0
Western and Central Europe,Spain,Heroin,1996,84395.0,112.0
Western and Central Europe,Spain,Heroin,1997,63880.0,88.0
Western and Central Europe,Spain,Heroin,1998,52755.0,82.0
Western and Central Europe,Spain,Heroin,1999,53820.0,75.0
Western and Central Europe,Spain,Heroin,2000,43596.0,59.0
Western and Central Europe,Spain,Heroin,2001,32000.0,57.0
Western and Central Europe,Spain,Heroin,2002,41202.0,61.0
Western and Central Europe,Spain,Heroin,2003,48420.0,75.0
Western and Central Europe,Spain,Heroin,2004,46350.0,81.0
Western and Central Europe,Spain,Heroin,2005,47055.0,80.0
Western and Central Europe,Spain,Heroin,2006,47371.0,78.0
Western and Central Europe,Spain,Heroin,2007,47671.0,86.0
Western and Central Europe,Spain,Heroin,2008,50697.0,92.0
Western and Central Europe,Spain,Heroin,2009,46621.0,86.0
Western and Central Europe,Spain,Heroin,2010,43993.0,80.0
Western and Central Europe,Spain,Heroin,2011,44530.0,83.0
Western and Central Europe,Spain,Heroin,2012,42110.0,76.0
Western and Central Europe,Spain,Heroin,2013,42012.0,76.0
Western and Central Europe,Spain,Heroin,2014,38807.0,75.0
Western and Central Europe,Spain,Heroin,2015,35138.0,63.0
Western and Central Europe,Spain,Heroin,2016,35755.0,64.0
Western and Central Europe,Spain,Heroin,2017,34624.0,64.0
Western and Central Europe,Spain,Heroin,2018,36681.0,69.0
Western and Central Europe,Spain,Heroin,2019,34529.68,66.0
Western and Central Europe,Spain,Heroin,2020,36029.61,66.0
Western and Central Europe,Sweden,Cocaine,1990,80000.0,160.0
Western and Central Europe,Sweden,Cocaine,1991,85000.0,152.0
Western and Central Europe,Sweden,Cocaine,1992,91375.0,183.0
Western and Central Europe,Sweden,Cocaine,1993,61450.0,123.0
Western and Central Europe,Sweden,Cocaine,1994,73825.0,148.0
Western and Central Europe,Sweden,Cocaine,1995,55556.0,118.0
Western and Central Europe,Sweden,Cocaine,1996,59255.0,118.0
Western and Central Europe,Sweden,Cocaine,1997,45573.0,98.0
Western and Central Europe,Sweden,Cocaine,1998,50484.0,88.0
Western and Central Europe,Sweden,Cocaine,1999,48508.0,97.0
Western and Central Europe,Sweden,Cocaine,2000,38394.0,77.0
Western and Central Europe,Sweden,Cocaine,2001,34693.0,79.0
Western and Central Europe,Sweden,Cocaine,2002,35763.0,87.0
Western and Central Europe,Sweden,Cocaine,2003,43130.0,99.0
Western and Central Europe,Sweden,Cocaine,2004,39560.0,93.0
Western and Central Europe,Sweden,Cocaine,2005,40068.0,92.0
Western and Central Europe,Sweden,Cocaine,2006,39270.0,101.0
Western and Central Europe,Sweden,Cocaine,2007,51883.0,96.0
Western and Central Europe,Sweden,Cocaine,2008,72844.0,138.0
Western and Central Europe,Sweden,Cocaine,2009,45459.0,104.0
Western and Central Europe,Sweden,Cocaine,2010,48382.0,111.0
Western and Central Europe,Sweden,Cocaine,2011,54494.0,125.0
Western and Central Europe,Sweden,Cocaine,2012,51620.0,147.0
Western and Central Europe,Sweden,Cocaine,2013,53159.0,139.0
Western and Central Europe,Sweden,Cocaine,2014,43938.0,127.0
Western and Central Europe,Sweden,Cocaine,2015,59744.0,108.0
Western and Central Europe,Sweden,Cocaine,2016,46860.0,117.0
Western and Central Europe,Sweden,Cocaine,2017,46604.0,105.0
Western and Central Europe,Sweden,Cocaine,2018,40262.0,115.0
Western and Central Europe,Sweden,Cocaine,2019,38107.34,85.0
Western and Central Europe,Sweden,Cocaine,2020,46060.47,97.54
Western and Central Europe,Sweden,Heroin,1990,140000.0,225.0
Western and Central Europe,Sweden,Heroin,1991,130000.0,210.0
Western and Central Europe,Sweden,Heroin,1992,115000.0,195.0
Western and Central Europe,Sweden,Heroin,1993,95000.0,180.0
Western and Central Europe,Sweden,Heroin,1994,117625.0,165.0
Western and Central Europe,Sweden,Heroin,1995,62655.0,337.0
Western and Central Europe,Sweden,Heroin,1996,64829.0,346.0
Western and Central Europe,Sweden,Heroin,1997,65771.0,135.0
Western and Central Europe,Sweden,Heroin,1998,63190.0,130.0
Western and Central Europe,Sweden,Heroin,1999,61022.0,126.0
Western and Central Europe,Sweden,Heroin,2000,41626.0,113.0
Western and Central Europe,Sweden,Heroin,2001,33702.0,129.0
Western and Central Europe,Sweden,Heroin,2002,34738.0,133.0
Western and Central Europe,Sweden,Heroin,2003,41900.0,128.0
Western and Central Europe,Sweden,Heroin,2004,31648.0,119.0
Western and Central Europe,Sweden,Heroin,2005,35970.0,149.0
Western and Central Europe,Sweden,Heroin,2006,35970.0,138.0
Western and Central Europe,Sweden,Heroin,2007,37059.0,185.0
Western and Central Europe,Sweden,Heroin,2008,38339.0,234.0
Western and Central Europe,Sweden,Heroin,2009,32471.0,201.0
Western and Central Europe,Sweden,Heroin,2010,41471.0,214.0
Western and Central Europe,Sweden,Heroin,2011,54494.0,272.0
Western and Central Europe,Sweden,Heroin,2012,44246.0,306.0
Western and Central Europe,Sweden,Heroin,2013,46225.0,169.0
Western and Central Europe,Sweden,Heroin,2014,41447.0,127.0
Western and Central Europe,Sweden,Heroin,2015,41447.0,135.0
Western and Central Europe,Sweden,Heroin,2016,41447.0,117.0
Western and Central Europe,Sweden,Heroin,2017,41447.0,73.0
Western and Central Europe,Sweden,Heroin,2018,41447.0,89.0
Western and Central Europe,Sweden,Heroin,2019,41447.0,95.0
Western and Central Europe,Sweden,Heroin,2020,37932.16,86.7
Western and Central Europe,Switzerland,Cocaine,1990,63900.0,178.0
Western and Central Europe,Switzerland,Cocaine,1991,94250.0,144.0
Western and Central Europe,Switzerland,Cocaine,1992,116250.0,188.0
Western and Central Europe,Switzerland,Cocaine,1993,50847.0,136.0
Western and Central Europe,Switzerland,Cocaine,1994,72012.0,146.0
Western and Central Europe,Switzerland,Cocaine,1995,75949.0,148.0
Western and Central Europe,Switzerland,Cocaine,1996,51587.0,127.0
Western and Central Europe,Switzerland,Cocaine,1997,40780.0,117.0
Western and Central Europe,Switzerland,Cocaine,1998,41152.0,110.0
Western and Central Europe,Switzerland,Cocaine,1999,41000.0,109.0
Western and Central Europe,Switzerland,Cocaine,2000,35482.0,77.0
Western and Central Europe,Switzerland,Cocaine,2001,23392.0,69.0
Western and Central Europe,Switzerland,Cocaine,2002,19274.0,74.0
Western and Central Europe,Switzerland,Cocaine,2003,37230.0,89.0
Western and Central Europe,Switzerland,Cocaine,2004,44008.0,86.0
Western and Central Europe,Switzerland,Cocaine,2005,44008.0,86.0
Western and Central Europe,Switzerland,Cocaine,2006,41090.0,74.0
Western and Central Europe,Switzerland,Cocaine,2007,44351.0,75.0
Western and Central Europe,Switzerland,Cocaine,2008,49307.0,65.0
Western and Central Europe,Switzerland,Cocaine,2009,50379.0,82.0
Western and Central Europe,Switzerland,Cocaine,2010,52554.0,96.0
Western and Central Europe,Switzerland,Cocaine,2011,58950.0,102.0
Western and Central Europe,Switzerland,Cocaine,2012,55477.0,96.0
Western and Central Europe,Switzerland,Cocaine,2013,58625.0,99.0
Western and Central Europe,Switzerland,Cocaine,2014,52685.0,78.0
Western and Central Europe,Switzerland,Cocaine,2015,52472.0,78.0
Western and Central Europe,Switzerland,Cocaine,2016,52472.0,78.0
Western and Central Europe,Switzerland,Cocaine,2017,52472.0,78.0
Western and Central Europe,Switzerland,Cocaine,2018,52472.0,78.0
Western and Central Europe,Switzerland,Cocaine,2019,52472.0,78.0
Western and Central Europe,Switzerland,Cocaine,2020,52472.0,78.0
